,Manual_Calculation,scikit-learn,statsmodels
beta_0_bias,-0.1728128540773728,-0.17281285407737101,-0.17281285407737657
beta_1_bias,0.013793267336656534,0.01379326733665609,0.013793267336655646
