,True_Value,Manual_Calculation,scikit-learn,statsmodels
beta_0(Intercept),1,0.8271871459226272,0.827187145922629,0.8271871459226234
beta_1(Slope),2,2.0137932673366565,2.013793267336656,2.0137932673366556
